titulos,links
Simeone diminui para Argentina contra Marrocos na estreia do futebol olímpico; SIGA,https://ge.globo.com/olimpiadas/jogo/24-07-2024/argentina-marrocos.ghtml
Hino da Argentina é vaiado em estreia do futebol masculino,https://ge.globo.com/olimpiadas/noticia/2024/07/24/olimpiadas-2024-hino-da-argentina-e-vaiado-em-estreia-do-futebol-masculino.ghtml
Espanha amplia contra Uzbequistão após perder pênalti; SIGA,https://ge.globo.com/olimpiadas/jogo/24-07-2024/uzbequistao-espanha.ghtml
Assinante Globoplay assiste a 100% dos Jogos Olímpicos,https://vitrine.globo.com/mais-canais?origemId=1020&utm_source=gcom&utm_medium=editorial
Canadá afasta dupla ligada a espionagem contra a N. Zelândia,https://oglobo.globo.com/esportes/olimpiadas/noticia/2024/07/24/olimpiadas-2024-canada-afasta-envolvidos-em-caso-de-espionagem-com-drone-a-treino-da-nova-zelandia.ghtml
Técnica do Canadá se afasta de jogo da estreia,https://ge.globo.com/olimpiadas/noticia/2024/07/24/olimpiadas-canada-manda-dois-profissionais-para-casa-apos-espionagem-com-drone.ghtml
Avião explode no Nepal e mata 18; vídeos da queda,https://g1.globo.com/mundo/noticia/2024/07/24/acidente-com-aviao-no-nepal.ghtml
Avião gira e cai; piloto é o único sobrevivente,https://oglobo.globo.com/mundo/epoca/noticia/2024/07/24/video-mostra-momento-em-que-aviao-gira-e-cai-logo-apos-decolar-no-unico-aeroporto-internacional-do-nepal.ghtml
Maduro mente ao dizer que eleição no Brasil não é auditada,https://g1.globo.com/mundo/noticia/2024/07/24/sem-citar-provas-maduro-diz-que-eleicoes-no-brasil-nao-sao-auditadas.ghtml
Maduro sugere 'chá de camomila' sem citar Lula,https://oglobo.globo.com/mundo/noticia/2024/07/23/quem-se-assustou-que-tome-cha-de-camomila-reagiu-maduro-apos-lula-manifestar-preocupacao-com-eleicoes-na-venezuela.ghtml
Bebê levada de MG por falsa médica é achada em Goiás,https://g1.globo.com/mg/triangulo-mineiro/noticia/2024/07/24/recem-nascida-levada-do-hospital-das-clinicas-de-uberlandia-e-encontrada-diz-policia.ghtml
Mulher tirou recém-nascida de hospital,https://g1.globo.com/mg/triangulo-mineiro/noticia/2024/07/24/falsa-pediatra-leva-recem-nascida-do-hospital-de-clinicas-de-uberlandia.ghtml
Governo lança hoje o Voa Brasil só para aposentados do INSS,https://oglobo.globo.com/economia/noticia/2024/07/24/sem-lula-governo-lanca-hoje-o-voa-brasil-so-para-aposentados-do-inss-veja-como-vai-funcionar.ghtml
"Envolvidos na eleição, senadores se licenciam",https://g1.globo.com/politica/noticia/2024/07/24/envolvidos-nas-eleicoes-municipais-senadores-se-licenciam-e-abrem-vagas-para-suplentes.ghtml
Vídeo de aliado de Paes foi usado para chantagem no Rio,https://oglobo.globo.com/politica/noticia/2024/07/24/video-que-levou-pedro-paulo-a-abrir-mao-da-vice-de-paes-foi-usado-para-chantagem-por-cargos-e-motivou-acusacao-de-ameaca.ghtml
Blog: desistência de vice de Paes seria estratégia,https://oglobo.globo.com/blogs/malu-gaspar/post/2024/07/desistencia-de-pedro-paulo-e-balao-de-ensaio-de-eduardo-paes-para-manter-aliado-na-vice.ghtml
Os desafios de Teahupoo: a esquerda mais temida e atípica do mundo,https://interativos.ge.globo.com/olimpiadas/especial/teahupoo
"Rayssa quer diversão, e promete surpresa na pista",https://ge.globo.com/olimpiadas/noticia/2024/07/24/aos-16-anos-rayssa-leal-quer-diversao-e-ouro-em-paris-e-muito-sobre-a-cabeca.ghtml
Vídeo mostra maus-tratos de campeã olímpica a cavalo; imagens fortes,https://oglobo.globo.com/esportes/olimpiadas/noticia/2024/07/24/video-mostra-atleta-britanica-de-hipismo-chicoteando-cavalo-durante-aula-em-seu-estabulo-particular.ghtml
Inglaterra retira apoio financeiro de campeã que maltratou cavalo,https://ge.globo.com/pa/santarem-regiao/olimpiadas/noticia/2024/07/24/governo-da-inglaterra-retira-apoio-financeiro-de-campea-olimpica-flagrada-maltrando-cavalo.ghtml
Opinião: Inter se acostuma aos fracassos e resta ao time o Brasileirão,https://ge.globo.com/rs/futebol/times/internacional/noticia/2024/07/24/opiniao-inter-se-acostuma-aos-fracassos-e-resta-ao-time-correr-atras-dos-45-pontos-no-brasileirao.ghtml
Líder Botafogo enfrenta o São Paulo fora de casa,https://ge.globo.com/sp/futebol/brasileirao-serie-a/noticia/2024/07/24/sao-paulo-x-botafogo-onde-assistir-ao-vivo-horario-e-escalacoes.ghtml
"De volta ao Maracanã, Thiago Silva cumprirá profecia feita há 16 anos",https://ge.globo.com/futebol/times/fluminense/noticia/2024/07/24/de-volta-ao-maracana-com-o-fluminense-thiago-silva-cumprira-profecia-feita-ha-16-anos.ghtml
Galvão Bueno pausa a aposentadoria para cobrir 11ª Olimpíada,https://gshow.globo.com/tudo-mais/tv-e-famosos/noticia/aposentado-galvao-bueno-fala-da-cobertura-das-olimpiadas-em-paris-e-diz-que-vai-dar-tempo-para-tomar-um-bom-vinho.ghtml
'Renascer': Sandra joga aliança fora e deixa João arrasado com decisão,https://gshow.globo.com/novelas/renascer/vem-por-ai/noticia/renascer-sandra-joga-alianca-fora-e-deixa-joao-arrasado-com-decisao.ghtml
Damião procura Egídio para pedir emprego e recebe negativa,https://extra.globo.com/blogs/telinha/post/2024/07/em-renascer-damiao-procura-egidio-para-pedir-emprego-e-recebe-uma-negativa-do-vilao.ghtml
Anel usado por Bruna Biancardi foi presente de reconciliação de Neymar,https://extra.globo.com/famosos/noticia/2024/07/anel-grifado-usado-por-bruna-biancardi-foi-presente-de-reconciliacao-e-custa-r-25-mil.ghtml
Grávida de Justin Bieber revela distanciamento de família,https://revistamonet.globo.com/celebridades/noticia/2024/07/gravida-de-justin-bieber-modelo-hailey-bieber-revela-distanciamento-de-familia-famosa.ghtml
Irmã de CR7 se diverte em encontro: 'Precisa de seguidores. Custa ajudar?',https://revistaquem.globo.com/noticias/noticia/2024/07/irma-tieta-cristiano-ronaldo-e-faz-piada-precisa-de-seguidores-custa-ajudar.ghtml
‘Vaca raiz’: animal vive sem cuidados especiais e produziu 103 kg de leite em MG,https://g1.globo.com/mg/zona-da-mata/noticia/2024/07/24/conheca-a-vaca-raiz-que-vive-sem-cuidados-especiais-e-produziu-103-kg-de-leite-em-mg.ghtml
"Grávida, cantora gospel Camila Campos conta que câncer de mama se espalhou para os ossos",https://revistaquem.globo.com/saude/noticia/2024/07/gravida-cantora-gospel-camila-campos-diz-que-cancer-de-mama-se-espalhou-para-os-ossos.ghtml
Salário anual do Príncipe William é revelado: descubra o valor milionário,https://revistaquem.globo.com/realeza/noticia/2024/07/salario-anual-do-principe-william-e-revelado-descubra-o-valor-no-novo-relatorio-real.ghtml
"Zé Neto, dupla de Cristiano, é diagnosticado com pneumonia e cancela shows: 'Vamos encarar'",https://g1.globo.com/pop-arte/musica/circuito-sertanejo/noticia/2024/07/24/ze-neto-dupla-de-cristiano-e-diagnosticado-com-pneumonia-e-cancela-shows.ghtml
"Doença de Newcastle gera medo e altera rotina em Anta Gorda, no RS",https://globorural.globo.com/pecuaria/aves/noticia/2024/07/doenca-de-newcastle-gera-medo-e-altera-rotina-em-anta-gorda.ghtml
Resgate 'milagroso': homem é encontrado vivo em montanha nos EUA após 12 dias sem comida,https://oglobo.globo.com/mundo/epoca/noticia/2024/07/24/resgate-milagroso-homem-e-encontrado-vivo-em-montanha-nos-estados-unidos-apos-passar-12-dias-sem-comida.ghtml
Conheça o garoto de 10 anos do Timão que já tem patrocínio e milhares de seguidores,https://ge.globo.com/futebol/times/corinthians/noticia/2024/07/24/quem-e-flora-conheca-o-garoto-de-10-anos-do-corinthians-que-ja-tem-patrocinio-e-milhares-de-seguidores.ghtml
"Ex-Corinthians, artilheiro da Série D fica sem clube após eliminação e desabafa",https://ge.globo.com/pi/futebol/brasileirao-serie-d/noticia/2024/07/24/ex-corinthians-artilheiro-da-serie-d-fica-sem-clube-apos-eliminacao-e-desabafa-nao-sei-para-onde-vou.ghtml
Tropa de elite que protegerá atletas de Israel durante as Olimpíadas tem policial 'Robocop',https://oglobo.globo.com/esportes/olimpiadas/noticia/2024/07/24/paris-2024-tropa-de-elite-que-protegera-atletas-de-israel-durante-os-jogos-tem-policial-robocop.ghtml
"Guardiola diz que 'gostaria', mas não garante Ederson no City; Al-Ittihad negocia",https://ge.globo.com/futebol/futebol-internacional/futebol-ingles/noticia/2024/07/24/guardiola-nao-garante-permanencia-de-ederson-no-manchester-city.ghtml
Dono da SAF do Galo cita pilares de Sampaoli e Caetano ao analisar trabalho de Victor,https://ge.globo.com/futebol/times/atletico-mg/noticia/2024/07/24/dono-da-saf-do-atletico-mg-cita-pilares-de-sampaoli-e-caetano-ao-analisar-trabalho-de-victor.ghtml
"Corinthians assina com Fred Luz para função de CEO, mas em modelo diferente; entenda",https://ge.globo.com/futebol/times/corinthians/noticia/2024/07/24/corinthians-assina-com-fred-luz-para-funcao-de-ceo-mas-em-modelo-diferente-entenda.ghtml
Comitê muda regra que culminou na única derrota de Jon Jones,https://ge.globo.com/combate/noticia/2024/07/24/comite-muda-regra-que-culminou-na-unica-derrota-de-jon-jones.ghtml
"'Sinto decepcionar, minha idade chegou', diz Carolina Dieckmann ao rebater críticas",https://oglobo.globo.com/ela/noticia/2024/07/24/sinto-decepcionar-minha-idade-chegou-carolina-dieckmann-rebate-criticas-sobre-aparencia.ghtml
"Após revelar bondage, André Marques fala de seus brinquedos sexuais",https://oglobo.globo.com/play/entrevistas/noticia/2024/07/24/andre-marques-fala-sobre-projeto-nas-redes-e-colecao-de-brinquedos-sexuais.ghtml
Jheny Santucci defende Arthur Aguiar após internauta debochar de fidelidade do ator; entenda,https://oglobo.globo.com/ela/noticia/2024/07/24/jheny-santucci-defende-arthur-aguiar-apos-internauta-debochar-de-fidelidade-do-ator-entenda-polemica.ghtml
Victoria Beckham dá bronca em David Beckham por filtro em foto do casal,https://revistamonet.globo.com/celebridades/noticia/2024/07/victoria-beckham-da-bronca-em-david-beckham-por-foto-inapropriada.ghtml
"Mari Gonzalez dança agarradinha com o novo namorado, Pipo Marques",https://glamour.globo.com/entretenimento/noticia/2024/07/bom-dia-apaixonado-mari-gonzalez-danca-agarradinha-com-o-novo-namorado-pipo-marques.ghtml
Lívian Aragão fala sobre rumor de que Renato Aragão não gosta de ser chamado de 'Didi',https://revistaquem.globo.com/noticias/filhos-dos-famosos/noticia/2024/07/livian-aragao-se-pronuncia-sobre-rumor-de-que-renato-aragao-nao-gosta-de-ser-chamado-de-didi.ghtml
Como desentupir boca de fogão? Veja o que fazer para resolver,https://www.techtudo.com.br/guia/2024/07/como-desentupir-boca-de-fogao-veja-o-que-fazer-para-funcionar-lb.ghtml
Veja 10 dicas para dormir melhor e teste seu conhecimento sobre o sono,https://g1.globo.com/saude/noticia/2024/07/24/ter-uma-rotina-largar-o-celular-e-relaxar-veja-10-dicas-para-dormir-melhor-quiz-testa-seu-conhecimento-sobre-o-sono.ghtml
Por que bebemos tequila com sal e limão? Entenda a origem do hábito,https://receitas.globo.com/blog/curiosidades-e-gastronomia/por-que-bebemos-tequila-com-sal-e-limao-confira-curiosidades-sobre-a-bebida.ghtml
"Gigante de 2,08 metros faz graça ao mostrar dificuldade para andar de metrô",https://g1.globo.com/mundo/noticia/2024/07/24/gigante-de-208-metros-faz-graca-ao-mostrar-dificuldade-para-andar-de-metro-em-nova-york-video.ghtml
Influencer japonesa faz sucesso com brasileiros ao provar comidas típicas,https://g1.globo.com/mundo/noticia/2024/07/24/coxinha-acai-guarana-tapioca-influencer-japonesa-faz-sucesso-com-brasileiros-ao-provar-comidas-tipicas-video.ghtml
Noiva que faria ensaio é surpreendida com o próprio casamento,https://g1.globo.com/sp/ribeirao-preto-franca/noticia/2024/07/24/noiva-se-prepara-para-ensaio-fotografico-e-quando-chega-e-surpreendida-com-o-proprio-casamento-video.ghtml
Luca acusa Murilo de armar para Electra e leva surra do irmão,https://gshow.globo.com/novelas/familia-e-tudo/noticia/familia-e-tudo-luca-acusa-murilo-de-armar-para-electra-e-leva-surra-do-irmao.ghtml
Zélia Noronha arma jantar chique para humilhar Quinota,https://gshow.globo.com/novelas/no-rancho-fundo/vem-por-ai/noticia/no-rancho-fundo-zelia-noronha-arma-jantar-chique-para-humilhar-quinota.ghtml
"Pegação, tornado e gogoboy: atletas revelam histórias a Porchat",https://gshow.globo.com/tudo-mais/tv-e-famosos/noticia/pegacao-na-vila-olimpica-tornado-e-gogoboy-veja-historias-de-bastidores-contadas-por-atletas-a-fabio-porchat.ghtml
Saia Justa: primeira chamada é divulgada e enaltece a união feminina,https://gshow.globo.com/tudo-mais/tv-e-famosos/noticia/saia-justa-primeira-chamada-e-divulgada-e-enaltece-a-uniao-feminina.ghtml
Veja se você tem direito e como resgatar antena parabólica digital,https://www.techtudo.com.br/dicas-e-tutoriais/2024/07/antena-parabolica-digital-de-graca-veja-se-voce-tem-direito-e-como-resgatar-edinfoeletro.ghtml
Google desiste de abandonar cookies de terceiros; veja o que muda,https://www.techtudo.com.br/noticias/2024/07/google-desiste-de-abandonar-cookies-de-terceiros-saiba-o-que-muda-edsoftwares.ghtml
Fone poderoso da Samsung usa IA para deixar som potente; confira,https://www.techtudo.com.br/guia/2024/07/galaxy-buds-3-pro-e-bom-veja-preco-e-ficha-tecnica-do-fone-de-ouvido-edinfoeletro.ghtml
Está na 99? Saiba como ter desconto de até R$ 1 mil em combustível,https://www.techtudo.com.br/guia/2024/07/e-motorista-da-99-saiba-como-ter-ate-r-1-mil-de-desconto-em-combustivel-edapps.ghtml
